<?xml version="1.0" encoding="UTF-8"?>
<project-private xmlns="http://www.netbeans.org/ns/project-private/1">
    <editor-bookmarks xmlns="http://www.netbeans.org/ns/editor-bookmarks/2" lastBookmarkId="0"/>
    <open-files xmlns="http://www.netbeans.org/ns/projectui-open-files/2">
        <group>
            <file>file:/Applications/MAMP/htdocs/Layal/index.php</file>
            <file>file:/Applications/MAMP/htdocs/Layal/SignUp.php</file>
            <file>file:/Applications/MAMP/htdocs/Layal/logIn.php</file>
            <file>file:/Applications/MAMP/htdocs/Layal/MyTask.php</file>
            <file>file:/Applications/MAMP/htdocs/Layal/ShoppingList.php</file>
            <file>file:/Applications/MAMP/htdocs/Layal/style.css</file>
            <file>file:/Applications/MAMP/htdocs/Layal/db_connection.php</file>
            <file>file:/Applications/MAMP/htdocs/Layal/logOut.php</file>
            <file>file:/Applications/MAMP/htdocs/Layal/searchResults.php</file>
        </group>
    </open-files>
</project-private>
