<?xml version="1.0" encoding="UTF-8"?>
<project-private xmlns="http://www.netbeans.org/ns/project-private/1">
    <editor-bookmarks xmlns="http://www.netbeans.org/ns/editor-bookmarks/2" lastBookmarkId="0"/>
    <open-files xmlns="http://www.netbeans.org/ns/projectui-open-files/2">
        <group>
            <file>file:/Users/njoudalduraibi/NetBeansProjects/SWE.project/public_html/index.html</file>
            <file>file:/Users/njoudalduraibi/NetBeansProjects/SWE.project/Gruntfile.js</file>
            <file>file:/Users/njoudalduraibi/NetBeansProjects/SWE.project/.bowerrc</file>
            <file>file:/Users/njoudalduraibi/NetBeansProjects/SWE.project/gulpfile.js</file>
            <file>file:/Users/njoudalduraibi/NetBeansProjects/SWE.project/public_html/SignUp.html</file>
            <file>file:/Users/njoudalduraibi/NetBeansProjects/SWE.project/package.json</file>
            <file>file:/Users/njoudalduraibi/NetBeansProjects/SWE.project/public_html/logIn.html</file>
            <file>file:/Users/njoudalduraibi/NetBeansProjects/SWE.project/public_html/app.js</file>
            <file>file:/Users/njoudalduraibi/NetBeansProjects/SWE.project/public_html/ShoppingList.html</file>
            <file>file:/Users/njoudalduraibi/NetBeansProjects/SWE.project/bower.json</file>
        </group>
    </open-files>
</project-private>
